source_root,task,mode,seed_dir,run_name,group,alias,selection_protocol,seed,data_seed,model_seed,shuffle_seed,structure_seed,epochs,path,curated_link
former results/3.12results，128,hard,fixed,seed_0,20260312_203338,canonical,seed_0,legacy_final_test_only,0,11,23,37,53,3000,/Users/shizhenpeng/Desktop/学术/科研/AI/neuron-survival-dynamics/former results/3.12results，128/hard/fixed/seed_0/20260312_203338,/Users/shizhenpeng/Desktop/学术/科研/AI/neuron-survival-dynamics/former results/3.12results，128/hard/fixed/seed_0/20260312_203338
former results/3.12results，128,hard,fixed,seed_1,20260312_203503,canonical,seed_1,legacy_final_test_only,1,12,24,38,54,3000,/Users/shizhenpeng/Desktop/学术/科研/AI/neuron-survival-dynamics/former results/3.12results，128/hard/fixed/seed_1/20260312_203503,/Users/shizhenpeng/Desktop/学术/科研/AI/neuron-survival-dynamics/former results/3.12results，128/hard/fixed/seed_1/20260312_203503
former results/3.12results，128,hard,fixed,seed_2,20260312_203628,canonical,seed_2,legacy_final_test_only,2,13,25,39,55,3000,/Users/shizhenpeng/Desktop/学术/科研/AI/neuron-survival-dynamics/former results/3.12results，128/hard/fixed/seed_2/20260312_203628,/Users/shizhenpeng/Desktop/学术/科研/AI/neuron-survival-dynamics/former results/3.12results，128/hard/fixed/seed_2/20260312_203628
former results/3.12results，128,hard,fixed,seed_3,20260312_203754,canonical,seed_3,legacy_final_test_only,3,14,26,40,56,3000,/Users/shizhenpeng/Desktop/学术/科研/AI/neuron-survival-dynamics/former results/3.12results，128/hard/fixed/seed_3/20260312_203754,/Users/shizhenpeng/Desktop/学术/科研/AI/neuron-survival-dynamics/former results/3.12results，128/hard/fixed/seed_3/20260312_203754
former results/3.12results，128,hard,fixed,seed_4,20260312_203919,canonical,seed_4,legacy_final_test_only,4,15,27,41,57,3000,/Users/shizhenpeng/Desktop/学术/科研/AI/neuron-survival-dynamics/former results/3.12results，128/hard/fixed/seed_4/20260312_203919,/Users/shizhenpeng/Desktop/学术/科研/AI/neuron-survival-dynamics/former results/3.12results，128/hard/fixed/seed_4/20260312_203919
former results/3.12results，128,hard,fixed,seed_5,20260312_204045,canonical,seed_5,legacy_final_test_only,5,16,28,42,58,3000,/Users/shizhenpeng/Desktop/学术/科研/AI/neuron-survival-dynamics/former results/3.12results，128/hard/fixed/seed_5/20260312_204045,/Users/shizhenpeng/Desktop/学术/科研/AI/neuron-survival-dynamics/former results/3.12results，128/hard/fixed/seed_5/20260312_204045
former results/3.12results，128,hard,fixed,seed_6,20260312_204208,canonical,seed_6,legacy_final_test_only,6,17,29,43,59,3000,/Users/shizhenpeng/Desktop/学术/科研/AI/neuron-survival-dynamics/former results/3.12results，128/hard/fixed/seed_6/20260312_204208,/Users/shizhenpeng/Desktop/学术/科研/AI/neuron-survival-dynamics/former results/3.12results，128/hard/fixed/seed_6/20260312_204208
former results/3.12results，128,hard,fixed,seed_7,20260312_204333,canonical,seed_7,legacy_final_test_only,7,18,30,44,60,3000,/Users/shizhenpeng/Desktop/学术/科研/AI/neuron-survival-dynamics/former results/3.12results，128/hard/fixed/seed_7/20260312_204333,/Users/shizhenpeng/Desktop/学术/科研/AI/neuron-survival-dynamics/former results/3.12results，128/hard/fixed/seed_7/20260312_204333
former results/3.12results，128,hard,fixed,seed_8,20260312_204457,canonical,seed_8,legacy_final_test_only,8,19,31,45,61,3000,/Users/shizhenpeng/Desktop/学术/科研/AI/neuron-survival-dynamics/former results/3.12results，128/hard/fixed/seed_8/20260312_204457,/Users/shizhenpeng/Desktop/学术/科研/AI/neuron-survival-dynamics/former results/3.12results，128/hard/fixed/seed_8/20260312_204457
former results/3.12results，128,hard,fixed,seed_9,20260312_204622,canonical,seed_9,legacy_final_test_only,9,20,32,46,62,3000,/Users/shizhenpeng/Desktop/学术/科研/AI/neuron-survival-dynamics/former results/3.12results，128/hard/fixed/seed_9/20260312_204622,/Users/shizhenpeng/Desktop/学术/科研/AI/neuron-survival-dynamics/former results/3.12results，128/hard/fixed/seed_9/20260312_204622
former results/3.12results，128,hard,prune_grow_random,seed_0,20260311_192315,canonical,seed_0,legacy_final_test_only,0,11,23,37,53,3000,/Users/shizhenpeng/Desktop/学术/科研/AI/neuron-survival-dynamics/former results/3.12results，128/hard/prune_grow_random/seed_0/20260311_192315,/Users/shizhenpeng/Desktop/学术/科研/AI/neuron-survival-dynamics/former results/3.12results，128/hard/prune_grow_random/seed_0/20260311_192315
former results/3.12results，128,hard,prune_grow_random,seed_1,20260311_192440,canonical,seed_1,legacy_final_test_only,1,12,24,38,54,3000,/Users/shizhenpeng/Desktop/学术/科研/AI/neuron-survival-dynamics/former results/3.12results，128/hard/prune_grow_random/seed_1/20260311_192440,/Users/shizhenpeng/Desktop/学术/科研/AI/neuron-survival-dynamics/former results/3.12results，128/hard/prune_grow_random/seed_1/20260311_192440
former results/3.12results，128,hard,prune_grow_random,seed_2,20260311_192604,canonical,seed_2,legacy_final_test_only,2,13,25,39,55,3000,/Users/shizhenpeng/Desktop/学术/科研/AI/neuron-survival-dynamics/former results/3.12results，128/hard/prune_grow_random/seed_2/20260311_192604,/Users/shizhenpeng/Desktop/学术/科研/AI/neuron-survival-dynamics/former results/3.12results，128/hard/prune_grow_random/seed_2/20260311_192604
former results/3.12results，128,hard,prune_grow_random,seed_3,20260311_192730,canonical,seed_3,legacy_final_test_only,3,14,26,40,56,3000,/Users/shizhenpeng/Desktop/学术/科研/AI/neuron-survival-dynamics/former results/3.12results，128/hard/prune_grow_random/seed_3/20260311_192730,/Users/shizhenpeng/Desktop/学术/科研/AI/neuron-survival-dynamics/former results/3.12results，128/hard/prune_grow_random/seed_3/20260311_192730
former results/3.12results，128,hard,prune_grow_random,seed_4,20260311_192855,canonical,seed_4,legacy_final_test_only,4,15,27,41,57,3000,/Users/shizhenpeng/Desktop/学术/科研/AI/neuron-survival-dynamics/former results/3.12results，128/hard/prune_grow_random/seed_4/20260311_192855,/Users/shizhenpeng/Desktop/学术/科研/AI/neuron-survival-dynamics/former results/3.12results，128/hard/prune_grow_random/seed_4/20260311_192855
former results/3.12results，128,hard,prune_grow_random,seed_5,20260311_193019,canonical,seed_5,legacy_final_test_only,5,16,28,42,58,3000,/Users/shizhenpeng/Desktop/学术/科研/AI/neuron-survival-dynamics/former results/3.12results，128/hard/prune_grow_random/seed_5/20260311_193019,/Users/shizhenpeng/Desktop/学术/科研/AI/neuron-survival-dynamics/former results/3.12results，128/hard/prune_grow_random/seed_5/20260311_193019
former results/3.12results，128,hard,prune_grow_random,seed_6,20260311_193143,canonical,seed_6,legacy_final_test_only,6,17,29,43,59,3000,/Users/shizhenpeng/Desktop/学术/科研/AI/neuron-survival-dynamics/former results/3.12results，128/hard/prune_grow_random/seed_6/20260311_193143,/Users/shizhenpeng/Desktop/学术/科研/AI/neuron-survival-dynamics/former results/3.12results，128/hard/prune_grow_random/seed_6/20260311_193143
former results/3.12results，128,hard,prune_grow_random,seed_7,20260311_193309,canonical,seed_7,legacy_final_test_only,7,18,30,44,60,3000,/Users/shizhenpeng/Desktop/学术/科研/AI/neuron-survival-dynamics/former results/3.12results，128/hard/prune_grow_random/seed_7/20260311_193309,/Users/shizhenpeng/Desktop/学术/科研/AI/neuron-survival-dynamics/former results/3.12results，128/hard/prune_grow_random/seed_7/20260311_193309
former results/3.12results，128,hard,prune_grow_random,seed_8,20260311_193435,canonical,seed_8,legacy_final_test_only,8,19,31,45,61,3000,/Users/shizhenpeng/Desktop/学术/科研/AI/neuron-survival-dynamics/former results/3.12results，128/hard/prune_grow_random/seed_8/20260311_193435,/Users/shizhenpeng/Desktop/学术/科研/AI/neuron-survival-dynamics/former results/3.12results，128/hard/prune_grow_random/seed_8/20260311_193435
former results/3.12results，128,hard,prune_grow_random,seed_9,20260311_193559,canonical,seed_9,legacy_final_test_only,9,20,32,46,62,3000,/Users/shizhenpeng/Desktop/学术/科研/AI/neuron-survival-dynamics/former results/3.12results，128/hard/prune_grow_random/seed_9/20260311_193559,/Users/shizhenpeng/Desktop/学术/科研/AI/neuron-survival-dynamics/former results/3.12results，128/hard/prune_grow_random/seed_9/20260311_193559
former results/3.12results，128,hard,prune_grow_split,seed_0,20260312_193735,model_seed_sweep,seed_0__model_seed_0,legacy_final_test_only,0,11,0,37,53,3000,/Users/shizhenpeng/Desktop/学术/科研/AI/neuron-survival-dynamics/former results/3.12results，128/hard/prune_grow_split/seed_0/20260312_193735,/Users/shizhenpeng/Desktop/学术/科研/AI/neuron-survival-dynamics/former results/3.12results，128/hard/prune_grow_split/seed_0/20260312_193735
former results/3.12results，128,hard,prune_grow_split,seed_0,20260312_193903,model_seed_sweep,seed_0__model_seed_1,legacy_final_test_only,0,11,1,37,53,3000,/Users/shizhenpeng/Desktop/学术/科研/AI/neuron-survival-dynamics/former results/3.12results，128/hard/prune_grow_split/seed_0/20260312_193903,/Users/shizhenpeng/Desktop/学术/科研/AI/neuron-survival-dynamics/former results/3.12results，128/hard/prune_grow_split/seed_0/20260312_193903
former results/3.12results，128,hard,prune_grow_split,seed_0,20260312_194029,model_seed_sweep,seed_0__model_seed_2,legacy_final_test_only,0,11,2,37,53,3000,/Users/shizhenpeng/Desktop/学术/科研/AI/neuron-survival-dynamics/former results/3.12results，128/hard/prune_grow_split/seed_0/20260312_194029,/Users/shizhenpeng/Desktop/学术/科研/AI/neuron-survival-dynamics/former results/3.12results，128/hard/prune_grow_split/seed_0/20260312_194029
former results/3.12results，128,hard,prune_grow_split,seed_0,20260312_194157,model_seed_sweep,seed_0__model_seed_3,legacy_final_test_only,0,11,3,37,53,3000,/Users/shizhenpeng/Desktop/学术/科研/AI/neuron-survival-dynamics/former results/3.12results，128/hard/prune_grow_split/seed_0/20260312_194157,/Users/shizhenpeng/Desktop/学术/科研/AI/neuron-survival-dynamics/former results/3.12results，128/hard/prune_grow_split/seed_0/20260312_194157
former results/3.12results，128,hard,prune_grow_split,seed_0,20260312_194322,model_seed_sweep,seed_0__model_seed_4,legacy_final_test_only,0,11,4,37,53,3000,/Users/shizhenpeng/Desktop/学术/科研/AI/neuron-survival-dynamics/former results/3.12results，128/hard/prune_grow_split/seed_0/20260312_194322,/Users/shizhenpeng/Desktop/学术/科研/AI/neuron-survival-dynamics/former results/3.12results，128/hard/prune_grow_split/seed_0/20260312_194322
former results/3.12results，128,hard,prune_grow_split,seed_0,20260312_194448,model_seed_sweep,seed_0__model_seed_5,legacy_final_test_only,0,11,5,37,53,3000,/Users/shizhenpeng/Desktop/学术/科研/AI/neuron-survival-dynamics/former results/3.12results，128/hard/prune_grow_split/seed_0/20260312_194448,/Users/shizhenpeng/Desktop/学术/科研/AI/neuron-survival-dynamics/former results/3.12results，128/hard/prune_grow_split/seed_0/20260312_194448
former results/3.12results，128,hard,prune_grow_split,seed_0,20260312_194614,model_seed_sweep,seed_0__model_seed_6,legacy_final_test_only,0,11,6,37,53,3000,/Users/shizhenpeng/Desktop/学术/科研/AI/neuron-survival-dynamics/former results/3.12results，128/hard/prune_grow_split/seed_0/20260312_194614,/Users/shizhenpeng/Desktop/学术/科研/AI/neuron-survival-dynamics/former results/3.12results，128/hard/prune_grow_split/seed_0/20260312_194614
former results/3.12results，128,hard,prune_grow_split,seed_0,20260312_194738,model_seed_sweep,seed_0__model_seed_7,legacy_final_test_only,0,11,7,37,53,3000,/Users/shizhenpeng/Desktop/学术/科研/AI/neuron-survival-dynamics/former results/3.12results，128/hard/prune_grow_split/seed_0/20260312_194738,/Users/shizhenpeng/Desktop/学术/科研/AI/neuron-survival-dynamics/former results/3.12results，128/hard/prune_grow_split/seed_0/20260312_194738
former results/3.12results，128,hard,prune_grow_split,seed_0,20260312_194903,model_seed_sweep,seed_0__model_seed_8,legacy_final_test_only,0,11,8,37,53,3000,/Users/shizhenpeng/Desktop/学术/科研/AI/neuron-survival-dynamics/former results/3.12results，128/hard/prune_grow_split/seed_0/20260312_194903,/Users/shizhenpeng/Desktop/学术/科研/AI/neuron-survival-dynamics/former results/3.12results，128/hard/prune_grow_split/seed_0/20260312_194903
former results/3.12results，128,hard,prune_grow_split,seed_0,20260312_195028,model_seed_sweep,seed_0__model_seed_9,legacy_final_test_only,0,11,9,37,53,3000,/Users/shizhenpeng/Desktop/学术/科研/AI/neuron-survival-dynamics/former results/3.12results，128/hard/prune_grow_split/seed_0/20260312_195028,/Users/shizhenpeng/Desktop/学术/科研/AI/neuron-survival-dynamics/former results/3.12results，128/hard/prune_grow_split/seed_0/20260312_195028
former results/3.12results，128,hard,prune_grow_split,seed_0,data0,data_seed_sweep,seed_0__data_seed_0,legacy_final_test_only,0,0,23,37,53,3000,/Users/shizhenpeng/Desktop/学术/科研/AI/neuron-survival-dynamics/former results/3.12results，128/hard/prune_grow_split/seed_0/data0,/Users/shizhenpeng/Desktop/学术/科研/AI/neuron-survival-dynamics/former results/3.12results，128/hard/prune_grow_split/seed_0/data0
former results/3.12results，128,hard,prune_grow_split,seed_0,data1,data_seed_sweep,seed_0__data_seed_1,legacy_final_test_only,0,1,23,37,53,3000,/Users/shizhenpeng/Desktop/学术/科研/AI/neuron-survival-dynamics/former results/3.12results，128/hard/prune_grow_split/seed_0/data1,/Users/shizhenpeng/Desktop/学术/科研/AI/neuron-survival-dynamics/former results/3.12results，128/hard/prune_grow_split/seed_0/data1
former results/3.12results，128,hard,prune_grow_split,seed_0,data10,data_seed_sweep,seed_0__data_seed_10,legacy_final_test_only,0,10,23,37,53,3000,/Users/shizhenpeng/Desktop/学术/科研/AI/neuron-survival-dynamics/former results/3.12results，128/hard/prune_grow_split/seed_0/data10,/Users/shizhenpeng/Desktop/学术/科研/AI/neuron-survival-dynamics/former results/3.12results，128/hard/prune_grow_split/seed_0/data10
former results/3.12results，128,hard,prune_grow_split,seed_0,data12,data_seed_sweep,seed_0__data_seed_12,legacy_final_test_only,0,12,23,37,53,3000,/Users/shizhenpeng/Desktop/学术/科研/AI/neuron-survival-dynamics/former results/3.12results，128/hard/prune_grow_split/seed_0/data12,/Users/shizhenpeng/Desktop/学术/科研/AI/neuron-survival-dynamics/former results/3.12results，128/hard/prune_grow_split/seed_0/data12
former results/3.12results，128,hard,prune_grow_split,seed_0,data2,data_seed_sweep,seed_0__data_seed_2,legacy_final_test_only,0,2,23,37,53,3000,/Users/shizhenpeng/Desktop/学术/科研/AI/neuron-survival-dynamics/former results/3.12results，128/hard/prune_grow_split/seed_0/data2,/Users/shizhenpeng/Desktop/学术/科研/AI/neuron-survival-dynamics/former results/3.12results，128/hard/prune_grow_split/seed_0/data2
former results/3.12results，128,hard,prune_grow_split,seed_0,data3,data_seed_sweep,seed_0__data_seed_3,legacy_final_test_only,0,3,23,37,53,3000,/Users/shizhenpeng/Desktop/学术/科研/AI/neuron-survival-dynamics/former results/3.12results，128/hard/prune_grow_split/seed_0/data3,/Users/shizhenpeng/Desktop/学术/科研/AI/neuron-survival-dynamics/former results/3.12results，128/hard/prune_grow_split/seed_0/data3
former results/3.12results，128,hard,prune_grow_split,seed_0,data4,data_seed_sweep,seed_0__data_seed_4,legacy_final_test_only,0,4,23,37,53,3000,/Users/shizhenpeng/Desktop/学术/科研/AI/neuron-survival-dynamics/former results/3.12results，128/hard/prune_grow_split/seed_0/data4,/Users/shizhenpeng/Desktop/学术/科研/AI/neuron-survival-dynamics/former results/3.12results，128/hard/prune_grow_split/seed_0/data4
former results/3.12results，128,hard,prune_grow_split,seed_0,data5,data_seed_sweep,seed_0__data_seed_5,legacy_final_test_only,0,5,23,37,53,3000,/Users/shizhenpeng/Desktop/学术/科研/AI/neuron-survival-dynamics/former results/3.12results，128/hard/prune_grow_split/seed_0/data5,/Users/shizhenpeng/Desktop/学术/科研/AI/neuron-survival-dynamics/former results/3.12results，128/hard/prune_grow_split/seed_0/data5
former results/3.12results，128,hard,prune_grow_split,seed_0,data6,data_seed_sweep,seed_0__data_seed_6,legacy_final_test_only,0,6,23,37,53,3000,/Users/shizhenpeng/Desktop/学术/科研/AI/neuron-survival-dynamics/former results/3.12results，128/hard/prune_grow_split/seed_0/data6,/Users/shizhenpeng/Desktop/学术/科研/AI/neuron-survival-dynamics/former results/3.12results，128/hard/prune_grow_split/seed_0/data6
former results/3.12results，128,hard,prune_grow_split,seed_0,data7,data_seed_sweep,seed_0__data_seed_7,legacy_final_test_only,0,7,23,37,53,3000,/Users/shizhenpeng/Desktop/学术/科研/AI/neuron-survival-dynamics/former results/3.12results，128/hard/prune_grow_split/seed_0/data7,/Users/shizhenpeng/Desktop/学术/科研/AI/neuron-survival-dynamics/former results/3.12results，128/hard/prune_grow_split/seed_0/data7
former results/3.12results，128,hard,prune_grow_split,seed_0,data8,data_seed_sweep,seed_0__data_seed_8,legacy_final_test_only,0,8,23,37,53,3000,/Users/shizhenpeng/Desktop/学术/科研/AI/neuron-survival-dynamics/former results/3.12results，128/hard/prune_grow_split/seed_0/data8,/Users/shizhenpeng/Desktop/学术/科研/AI/neuron-survival-dynamics/former results/3.12results，128/hard/prune_grow_split/seed_0/data8
former results/3.12results，128,hard,prune_grow_split,seed_0,data9,data_seed_sweep,seed_0__data_seed_9,legacy_final_test_only,0,9,23,37,53,3000,/Users/shizhenpeng/Desktop/学术/科研/AI/neuron-survival-dynamics/former results/3.12results，128/hard/prune_grow_split/seed_0/data9,/Users/shizhenpeng/Desktop/学术/科研/AI/neuron-survival-dynamics/former results/3.12results，128/hard/prune_grow_split/seed_0/data9
former results/3.12results，128,hard,prune_grow_split,seed_0,seed0,canonical,seed_0,legacy_final_test_only,0,11,23,37,53,3000,/Users/shizhenpeng/Desktop/学术/科研/AI/neuron-survival-dynamics/former results/3.12results，128/hard/prune_grow_split/seed_0/seed0,/Users/shizhenpeng/Desktop/学术/科研/AI/neuron-survival-dynamics/former results/3.12results，128/hard/prune_grow_split/seed_0/seed0
former results/3.12results，128,hard,prune_grow_split,seed_1,20260311_191005,canonical,seed_1,legacy_final_test_only,1,12,24,38,54,3000,/Users/shizhenpeng/Desktop/学术/科研/AI/neuron-survival-dynamics/former results/3.12results，128/hard/prune_grow_split/seed_1/20260311_191005,/Users/shizhenpeng/Desktop/学术/科研/AI/neuron-survival-dynamics/former results/3.12results，128/hard/prune_grow_split/seed_1/20260311_191005
former results/3.12results，128,hard,prune_grow_split,seed_2,20260311_191130,canonical,seed_2,legacy_final_test_only,2,13,25,39,55,3000,/Users/shizhenpeng/Desktop/学术/科研/AI/neuron-survival-dynamics/former results/3.12results，128/hard/prune_grow_split/seed_2/20260311_191130,/Users/shizhenpeng/Desktop/学术/科研/AI/neuron-survival-dynamics/former results/3.12results，128/hard/prune_grow_split/seed_2/20260311_191130
former results/3.12results，128,hard,prune_grow_split,seed_3,20260311_191256,canonical,seed_3,legacy_final_test_only,3,14,26,40,56,3000,/Users/shizhenpeng/Desktop/学术/科研/AI/neuron-survival-dynamics/former results/3.12results，128/hard/prune_grow_split/seed_3/20260311_191256,/Users/shizhenpeng/Desktop/学术/科研/AI/neuron-survival-dynamics/former results/3.12results，128/hard/prune_grow_split/seed_3/20260311_191256
former results/3.12results，128,hard,prune_grow_split,seed_4,20260311_191422,canonical,seed_4,legacy_final_test_only,4,15,27,41,57,3000,/Users/shizhenpeng/Desktop/学术/科研/AI/neuron-survival-dynamics/former results/3.12results，128/hard/prune_grow_split/seed_4/20260311_191422,/Users/shizhenpeng/Desktop/学术/科研/AI/neuron-survival-dynamics/former results/3.12results，128/hard/prune_grow_split/seed_4/20260311_191422
former results/3.12results，128,hard,prune_grow_split,seed_5,20260311_191546,canonical,seed_5,legacy_final_test_only,5,16,28,42,58,3000,/Users/shizhenpeng/Desktop/学术/科研/AI/neuron-survival-dynamics/former results/3.12results，128/hard/prune_grow_split/seed_5/20260311_191546,/Users/shizhenpeng/Desktop/学术/科研/AI/neuron-survival-dynamics/former results/3.12results，128/hard/prune_grow_split/seed_5/20260311_191546
former results/3.12results，128,hard,prune_grow_split,seed_6,20260311_191711,canonical,seed_6,legacy_final_test_only,6,17,29,43,59,3000,/Users/shizhenpeng/Desktop/学术/科研/AI/neuron-survival-dynamics/former results/3.12results，128/hard/prune_grow_split/seed_6/20260311_191711,/Users/shizhenpeng/Desktop/学术/科研/AI/neuron-survival-dynamics/former results/3.12results，128/hard/prune_grow_split/seed_6/20260311_191711
former results/3.12results，128,hard,prune_grow_split,seed_7,20260311_191837,canonical,seed_7,legacy_final_test_only,7,18,30,44,60,3000,/Users/shizhenpeng/Desktop/学术/科研/AI/neuron-survival-dynamics/former results/3.12results，128/hard/prune_grow_split/seed_7/20260311_191837,/Users/shizhenpeng/Desktop/学术/科研/AI/neuron-survival-dynamics/former results/3.12results，128/hard/prune_grow_split/seed_7/20260311_191837
former results/3.12results，128,hard,prune_grow_split,seed_8,20260311_192002,canonical,seed_8,legacy_final_test_only,8,19,31,45,61,3000,/Users/shizhenpeng/Desktop/学术/科研/AI/neuron-survival-dynamics/former results/3.12results，128/hard/prune_grow_split/seed_8/20260311_192002,/Users/shizhenpeng/Desktop/学术/科研/AI/neuron-survival-dynamics/former results/3.12results，128/hard/prune_grow_split/seed_8/20260311_192002
former results/3.12results，128,hard,prune_grow_split,seed_9,20260311_192126,canonical,seed_9,legacy_final_test_only,9,20,32,46,62,3000,/Users/shizhenpeng/Desktop/学术/科研/AI/neuron-survival-dynamics/former results/3.12results，128/hard/prune_grow_split/seed_9/20260311_192126,/Users/shizhenpeng/Desktop/学术/科研/AI/neuron-survival-dynamics/former results/3.12results，128/hard/prune_grow_split/seed_9/20260311_192126
former results/3.12results，128,medium,prune_grow_random,seed_0,20260312_100700,canonical,seed_0,legacy_final_test_only,0,11,23,37,53,3000,/Users/shizhenpeng/Desktop/学术/科研/AI/neuron-survival-dynamics/former results/3.12results，128/medium/prune_grow_random/seed_0/20260312_100700,/Users/shizhenpeng/Desktop/学术/科研/AI/neuron-survival-dynamics/former results/3.12results，128/medium/prune_grow_random/seed_0/20260312_100700
former results/3.12results，128,medium,prune_grow_random,seed_1,20260312_100826,canonical,seed_1,legacy_final_test_only,1,12,24,38,54,3000,/Users/shizhenpeng/Desktop/学术/科研/AI/neuron-survival-dynamics/former results/3.12results，128/medium/prune_grow_random/seed_1/20260312_100826,/Users/shizhenpeng/Desktop/学术/科研/AI/neuron-survival-dynamics/former results/3.12results，128/medium/prune_grow_random/seed_1/20260312_100826
former results/3.12results，128,medium,prune_grow_random,seed_2,20260312_100951,canonical,seed_2,legacy_final_test_only,2,13,25,39,55,3000,/Users/shizhenpeng/Desktop/学术/科研/AI/neuron-survival-dynamics/former results/3.12results，128/medium/prune_grow_random/seed_2/20260312_100951,/Users/shizhenpeng/Desktop/学术/科研/AI/neuron-survival-dynamics/former results/3.12results，128/medium/prune_grow_random/seed_2/20260312_100951
former results/3.12results，128,medium,prune_grow_random,seed_3,20260312_101118,canonical,seed_3,legacy_final_test_only,3,14,26,40,56,3000,/Users/shizhenpeng/Desktop/学术/科研/AI/neuron-survival-dynamics/former results/3.12results，128/medium/prune_grow_random/seed_3/20260312_101118,/Users/shizhenpeng/Desktop/学术/科研/AI/neuron-survival-dynamics/former results/3.12results，128/medium/prune_grow_random/seed_3/20260312_101118
former results/3.12results，128,medium,prune_grow_random,seed_4,20260312_101244,canonical,seed_4,legacy_final_test_only,4,15,27,41,57,3000,/Users/shizhenpeng/Desktop/学术/科研/AI/neuron-survival-dynamics/former results/3.12results，128/medium/prune_grow_random/seed_4/20260312_101244,/Users/shizhenpeng/Desktop/学术/科研/AI/neuron-survival-dynamics/former results/3.12results，128/medium/prune_grow_random/seed_4/20260312_101244
former results/3.12results，128,medium,prune_grow_random,seed_5,20260312_101408,canonical,seed_5,legacy_final_test_only,5,16,28,42,58,3000,/Users/shizhenpeng/Desktop/学术/科研/AI/neuron-survival-dynamics/former results/3.12results，128/medium/prune_grow_random/seed_5/20260312_101408,/Users/shizhenpeng/Desktop/学术/科研/AI/neuron-survival-dynamics/former results/3.12results，128/medium/prune_grow_random/seed_5/20260312_101408
former results/3.12results，128,medium,prune_grow_random,seed_6,20260312_101532,canonical,seed_6,legacy_final_test_only,6,17,29,43,59,3000,/Users/shizhenpeng/Desktop/学术/科研/AI/neuron-survival-dynamics/former results/3.12results，128/medium/prune_grow_random/seed_6/20260312_101532,/Users/shizhenpeng/Desktop/学术/科研/AI/neuron-survival-dynamics/former results/3.12results，128/medium/prune_grow_random/seed_6/20260312_101532
former results/3.12results，128,medium,prune_grow_random,seed_7,20260312_101657,canonical,seed_7,legacy_final_test_only,7,18,30,44,60,3000,/Users/shizhenpeng/Desktop/学术/科研/AI/neuron-survival-dynamics/former results/3.12results，128/medium/prune_grow_random/seed_7/20260312_101657,/Users/shizhenpeng/Desktop/学术/科研/AI/neuron-survival-dynamics/former results/3.12results，128/medium/prune_grow_random/seed_7/20260312_101657
former results/3.12results，128,medium,prune_grow_random,seed_8,20260312_101823,canonical,seed_8,legacy_final_test_only,8,19,31,45,61,3000,/Users/shizhenpeng/Desktop/学术/科研/AI/neuron-survival-dynamics/former results/3.12results，128/medium/prune_grow_random/seed_8/20260312_101823,/Users/shizhenpeng/Desktop/学术/科研/AI/neuron-survival-dynamics/former results/3.12results，128/medium/prune_grow_random/seed_8/20260312_101823
former results/3.12results，128,medium,prune_grow_random,seed_9,20260312_101949,canonical,seed_9,legacy_final_test_only,9,20,32,46,62,3000,/Users/shizhenpeng/Desktop/学术/科研/AI/neuron-survival-dynamics/former results/3.12results，128/medium/prune_grow_random/seed_9/20260312_101949,/Users/shizhenpeng/Desktop/学术/科研/AI/neuron-survival-dynamics/former results/3.12results，128/medium/prune_grow_random/seed_9/20260312_101949
former results/3.12results，128,medium,prune_grow_split,seed_0,20260312_102448,canonical,seed_0,legacy_final_test_only,0,11,23,37,53,3000,/Users/shizhenpeng/Desktop/学术/科研/AI/neuron-survival-dynamics/former results/3.12results，128/medium/prune_grow_split/seed_0/20260312_102448,/Users/shizhenpeng/Desktop/学术/科研/AI/neuron-survival-dynamics/former results/3.12results，128/medium/prune_grow_split/seed_0/20260312_102448
former results/3.12results，128,medium,prune_grow_split,seed_1,20260312_102614,canonical,seed_1,legacy_final_test_only,1,12,24,38,54,3000,/Users/shizhenpeng/Desktop/学术/科研/AI/neuron-survival-dynamics/former results/3.12results，128/medium/prune_grow_split/seed_1/20260312_102614,/Users/shizhenpeng/Desktop/学术/科研/AI/neuron-survival-dynamics/former results/3.12results，128/medium/prune_grow_split/seed_1/20260312_102614
former results/3.12results，128,medium,prune_grow_split,seed_2,20260312_102741,canonical,seed_2,legacy_final_test_only,2,13,25,39,55,3000,/Users/shizhenpeng/Desktop/学术/科研/AI/neuron-survival-dynamics/former results/3.12results，128/medium/prune_grow_split/seed_2/20260312_102741,/Users/shizhenpeng/Desktop/学术/科研/AI/neuron-survival-dynamics/former results/3.12results，128/medium/prune_grow_split/seed_2/20260312_102741
former results/3.12results，128,medium,prune_grow_split,seed_3,20260312_102907,canonical,seed_3,legacy_final_test_only,3,14,26,40,56,3000,/Users/shizhenpeng/Desktop/学术/科研/AI/neuron-survival-dynamics/former results/3.12results，128/medium/prune_grow_split/seed_3/20260312_102907,/Users/shizhenpeng/Desktop/学术/科研/AI/neuron-survival-dynamics/former results/3.12results，128/medium/prune_grow_split/seed_3/20260312_102907
former results/3.12results，128,medium,prune_grow_split,seed_4,20260312_103034,canonical,seed_4,legacy_final_test_only,4,15,27,41,57,3000,/Users/shizhenpeng/Desktop/学术/科研/AI/neuron-survival-dynamics/former results/3.12results，128/medium/prune_grow_split/seed_4/20260312_103034,/Users/shizhenpeng/Desktop/学术/科研/AI/neuron-survival-dynamics/former results/3.12results，128/medium/prune_grow_split/seed_4/20260312_103034
former results/3.12results，128,medium,prune_grow_split,seed_5,20260312_103200,canonical,seed_5,legacy_final_test_only,5,16,28,42,58,3000,/Users/shizhenpeng/Desktop/学术/科研/AI/neuron-survival-dynamics/former results/3.12results，128/medium/prune_grow_split/seed_5/20260312_103200,/Users/shizhenpeng/Desktop/学术/科研/AI/neuron-survival-dynamics/former results/3.12results，128/medium/prune_grow_split/seed_5/20260312_103200
former results/3.12results，128,medium,prune_grow_split,seed_6,20260312_103327,canonical,seed_6,legacy_final_test_only,6,17,29,43,59,3000,/Users/shizhenpeng/Desktop/学术/科研/AI/neuron-survival-dynamics/former results/3.12results，128/medium/prune_grow_split/seed_6/20260312_103327,/Users/shizhenpeng/Desktop/学术/科研/AI/neuron-survival-dynamics/former results/3.12results，128/medium/prune_grow_split/seed_6/20260312_103327
former results/3.12results，128,medium,prune_grow_split,seed_7,20260312_103454,canonical,seed_7,legacy_final_test_only,7,18,30,44,60,3000,/Users/shizhenpeng/Desktop/学术/科研/AI/neuron-survival-dynamics/former results/3.12results，128/medium/prune_grow_split/seed_7/20260312_103454,/Users/shizhenpeng/Desktop/学术/科研/AI/neuron-survival-dynamics/former results/3.12results，128/medium/prune_grow_split/seed_7/20260312_103454
former results/3.12results，128,medium,prune_grow_split,seed_8,20260312_103620,canonical,seed_8,legacy_final_test_only,8,19,31,45,61,3000,/Users/shizhenpeng/Desktop/学术/科研/AI/neuron-survival-dynamics/former results/3.12results，128/medium/prune_grow_split/seed_8/20260312_103620,/Users/shizhenpeng/Desktop/学术/科研/AI/neuron-survival-dynamics/former results/3.12results，128/medium/prune_grow_split/seed_8/20260312_103620
former results/3.12results，128,medium,prune_grow_split,seed_9,20260312_103745,canonical,seed_9,legacy_final_test_only,9,20,32,46,62,3000,/Users/shizhenpeng/Desktop/学术/科研/AI/neuron-survival-dynamics/former results/3.12results，128/medium/prune_grow_split/seed_9/20260312_103745,/Users/shizhenpeng/Desktop/学术/科研/AI/neuron-survival-dynamics/former results/3.12results，128/medium/prune_grow_split/seed_9/20260312_103745
results,followup_20260313,hard,prune_grow_split,20260313_151256,model_seed_sweep,seed_0__model_seed_4,legacy_final_test_only,0,11,4,37,53,3000,/Users/shizhenpeng/Desktop/学术/科研/AI/neuron-survival-dynamics/results/followup_20260313/hard/prune_grow_split/seed_0/20260313_151256,/Users/shizhenpeng/Desktop/学术/科研/AI/neuron-survival-dynamics/results/followup_20260313/hard/prune_grow_split/seed_0/20260313_151256
results,followup_20260313,hard,prune_grow_split,20260313_151426,model_seed_sweep,seed_0__model_seed_4,legacy_final_test_only,0,11,4,37,53,3000,/Users/shizhenpeng/Desktop/学术/科研/AI/neuron-survival-dynamics/results/followup_20260313/hard/prune_grow_split/seed_0/20260313_151426,/Users/shizhenpeng/Desktop/学术/科研/AI/neuron-survival-dynamics/results/followup_20260313/hard/prune_grow_split/seed_0/20260313_151426
results,followup_20260313,hard,prune_grow_split,20260313_151556,model_seed_sweep,seed_0__model_seed_4,legacy_final_test_only,0,11,4,37,53,3000,/Users/shizhenpeng/Desktop/学术/科研/AI/neuron-survival-dynamics/results/followup_20260313/hard/prune_grow_split/seed_0/20260313_151556,/Users/shizhenpeng/Desktop/学术/科研/AI/neuron-survival-dynamics/results/followup_20260313/hard/prune_grow_split/seed_0/20260313_151556
results,followup_20260313,hard,prune_only,20260313_150835,canonical,seed_0,legacy_final_test_only,0,11,23,37,53,3000,/Users/shizhenpeng/Desktop/学术/科研/AI/neuron-survival-dynamics/results/followup_20260313/hard/prune_only/seed_0/20260313_150835,/Users/shizhenpeng/Desktop/学术/科研/AI/neuron-survival-dynamics/results/followup_20260313/hard/prune_only/seed_0/20260313_150835
results,followup_20260313,hard,prune_only,20260313_151004,canonical,seed_1,legacy_final_test_only,1,12,24,38,54,3000,/Users/shizhenpeng/Desktop/学术/科研/AI/neuron-survival-dynamics/results/followup_20260313/hard/prune_only/seed_1/20260313_151004,/Users/shizhenpeng/Desktop/学术/科研/AI/neuron-survival-dynamics/results/followup_20260313/hard/prune_only/seed_1/20260313_151004
results,followup_20260313,hard,prune_only,20260313_151130,canonical,seed_4,legacy_final_test_only,4,15,27,41,57,3000,/Users/shizhenpeng/Desktop/学术/科研/AI/neuron-survival-dynamics/results/followup_20260313/hard/prune_only/seed_4/20260313_151130,/Users/shizhenpeng/Desktop/学术/科研/AI/neuron-survival-dynamics/results/followup_20260313/hard/prune_only/seed_4/20260313_151130
results,hard,prune_grow_split,seed_0,20260312_205618,canonical,seed_0,legacy_final_test_only,0,11,23,37,53,3000,/Users/shizhenpeng/Desktop/学术/科研/AI/neuron-survival-dynamics/results/hard/prune_grow_split/seed_0/20260312_205618,/Users/shizhenpeng/Desktop/学术/科研/AI/neuron-survival-dynamics/results/hard/prune_grow_split/seed_0/20260312_205618
results,hard,prune_grow_split,seed_1,20260312_205746,canonical,seed_1,legacy_final_test_only,1,12,24,38,54,3000,/Users/shizhenpeng/Desktop/学术/科研/AI/neuron-survival-dynamics/results/hard/prune_grow_split/seed_1/20260312_205746,/Users/shizhenpeng/Desktop/学术/科研/AI/neuron-survival-dynamics/results/hard/prune_grow_split/seed_1/20260312_205746
results,hard,prune_grow_split,seed_2,20260312_205913,canonical,seed_2,legacy_final_test_only,2,13,25,39,55,3000,/Users/shizhenpeng/Desktop/学术/科研/AI/neuron-survival-dynamics/results/hard/prune_grow_split/seed_2/20260312_205913,/Users/shizhenpeng/Desktop/学术/科研/AI/neuron-survival-dynamics/results/hard/prune_grow_split/seed_2/20260312_205913
results,hard,prune_only,seed_1,20260312_210251,canonical,seed_1,legacy_final_test_only,1,12,24,38,54,9000,/Users/shizhenpeng/Desktop/学术/科研/AI/neuron-survival-dynamics/results/hard/prune_only/seed_1/20260312_210251,/Users/shizhenpeng/Desktop/学术/科研/AI/neuron-survival-dynamics/results/hard/prune_only/seed_1/20260312_210251
results,hard,prune_only,seed_1,20260312_223756,canonical,seed_1,legacy_final_test_only,1,12,24,38,54,3000,/Users/shizhenpeng/Desktop/学术/科研/AI/neuron-survival-dynamics/results/hard/prune_only/seed_1/20260312_223756,/Users/shizhenpeng/Desktop/学术/科研/AI/neuron-survival-dynamics/results/hard/prune_only/seed_1/20260312_223756
results,publishable_pilot_20260313,hard,fixed,20260313_154832,canonical,seed_0,val_checkpoint_available,0,11,23,37,53,3000,/Users/shizhenpeng/Desktop/学术/科研/AI/neuron-survival-dynamics/results/publishable_pilot_20260313/hard/fixed/seed_0/20260313_154832,/Users/shizhenpeng/Desktop/学术/科研/AI/neuron-survival-dynamics/results/publishable_pilot_20260313/hard/fixed/seed_0/20260313_154832
results,publishable_pilot_20260313,hard,fixed,20260313_155449,canonical,seed_1,val_checkpoint_available,1,12,24,38,54,3000,/Users/shizhenpeng/Desktop/学术/科研/AI/neuron-survival-dynamics/results/publishable_pilot_20260313/hard/fixed/seed_1/20260313_155449,/Users/shizhenpeng/Desktop/学术/科研/AI/neuron-survival-dynamics/results/publishable_pilot_20260313/hard/fixed/seed_1/20260313_155449
results,publishable_pilot_20260313,hard,fixed,20260313_162043,canonical,seed_2,val_checkpoint_available,2,13,25,39,55,3000,/Users/shizhenpeng/Desktop/学术/科研/AI/neuron-survival-dynamics/results/publishable_pilot_20260313/hard/fixed/seed_2/20260313_162043,/Users/shizhenpeng/Desktop/学术/科研/AI/neuron-survival-dynamics/results/publishable_pilot_20260313/hard/fixed/seed_2/20260313_162043
results,publishable_pilot_20260313,hard,fixed,20260313_162043,canonical,seed_3,val_checkpoint_available,3,14,26,40,56,3000,/Users/shizhenpeng/Desktop/学术/科研/AI/neuron-survival-dynamics/results/publishable_pilot_20260313/hard/fixed/seed_3/20260313_162043,/Users/shizhenpeng/Desktop/学术/科研/AI/neuron-survival-dynamics/results/publishable_pilot_20260313/hard/fixed/seed_3/20260313_162043
results,publishable_pilot_20260313,hard,fixed,20260313_161256,canonical,seed_4,val_checkpoint_available,4,15,27,41,57,3000,/Users/shizhenpeng/Desktop/学术/科研/AI/neuron-survival-dynamics/results/publishable_pilot_20260313/hard/fixed/seed_4/20260313_161256,/Users/shizhenpeng/Desktop/学术/科研/AI/neuron-survival-dynamics/results/publishable_pilot_20260313/hard/fixed/seed_4/20260313_161256
results,publishable_pilot_20260313,hard,prune_grow_random,20260313_155138,canonical,seed_0,val_checkpoint_available,0,11,23,37,53,3000,/Users/shizhenpeng/Desktop/学术/科研/AI/neuron-survival-dynamics/results/publishable_pilot_20260313/hard/prune_grow_random/seed_0/20260313_155138,/Users/shizhenpeng/Desktop/学术/科研/AI/neuron-survival-dynamics/results/publishable_pilot_20260313/hard/prune_grow_random/seed_0/20260313_155138
results,publishable_pilot_20260313,hard,prune_grow_random,20260313_155756,canonical,seed_1,val_checkpoint_available,1,12,24,38,54,3000,/Users/shizhenpeng/Desktop/学术/科研/AI/neuron-survival-dynamics/results/publishable_pilot_20260313/hard/prune_grow_random/seed_1/20260313_155756,/Users/shizhenpeng/Desktop/学术/科研/AI/neuron-survival-dynamics/results/publishable_pilot_20260313/hard/prune_grow_random/seed_1/20260313_155756
results,publishable_pilot_20260313,hard,prune_grow_random,20260313_162404,canonical,seed_2,val_checkpoint_available,2,13,25,39,55,3000,/Users/shizhenpeng/Desktop/学术/科研/AI/neuron-survival-dynamics/results/publishable_pilot_20260313/hard/prune_grow_random/seed_2/20260313_162404,/Users/shizhenpeng/Desktop/学术/科研/AI/neuron-survival-dynamics/results/publishable_pilot_20260313/hard/prune_grow_random/seed_2/20260313_162404
results,publishable_pilot_20260313,hard,prune_grow_random,20260313_162403,canonical,seed_3,val_checkpoint_available,3,14,26,40,56,3000,/Users/shizhenpeng/Desktop/学术/科研/AI/neuron-survival-dynamics/results/publishable_pilot_20260313/hard/prune_grow_random/seed_3/20260313_162403,/Users/shizhenpeng/Desktop/学术/科研/AI/neuron-survival-dynamics/results/publishable_pilot_20260313/hard/prune_grow_random/seed_3/20260313_162403
results,publishable_pilot_20260313,hard,prune_grow_random,20260313_161600,canonical,seed_4,val_checkpoint_available,4,15,27,41,57,3000,/Users/shizhenpeng/Desktop/学术/科研/AI/neuron-survival-dynamics/results/publishable_pilot_20260313/hard/prune_grow_random/seed_4/20260313_161600,/Users/shizhenpeng/Desktop/学术/科研/AI/neuron-survival-dynamics/results/publishable_pilot_20260313/hard/prune_grow_random/seed_4/20260313_161600
results,publishable_pilot_20260313,hard,prune_grow_split,20260313_155314,canonical,seed_0,val_checkpoint_available,0,11,23,37,53,3000,/Users/shizhenpeng/Desktop/学术/科研/AI/neuron-survival-dynamics/results/publishable_pilot_20260313/hard/prune_grow_split/seed_0/20260313_155314,/Users/shizhenpeng/Desktop/学术/科研/AI/neuron-survival-dynamics/results/publishable_pilot_20260313/hard/prune_grow_split/seed_0/20260313_155314
results,publishable_pilot_20260313,hard,prune_grow_split,20260313_161123,canonical,seed_1,val_checkpoint_available,1,12,24,38,54,3000,/Users/shizhenpeng/Desktop/学术/科研/AI/neuron-survival-dynamics/results/publishable_pilot_20260313/hard/prune_grow_split/seed_1/20260313_161123,/Users/shizhenpeng/Desktop/学术/科研/AI/neuron-survival-dynamics/results/publishable_pilot_20260313/hard/prune_grow_split/seed_1/20260313_161123
results,publishable_pilot_20260313,hard,prune_grow_split,20260313_162544,canonical,seed_2,val_checkpoint_available,2,13,25,39,55,3000,/Users/shizhenpeng/Desktop/学术/科研/AI/neuron-survival-dynamics/results/publishable_pilot_20260313/hard/prune_grow_split/seed_2/20260313_162544,/Users/shizhenpeng/Desktop/学术/科研/AI/neuron-survival-dynamics/results/publishable_pilot_20260313/hard/prune_grow_split/seed_2/20260313_162544
results,publishable_pilot_20260313,hard,prune_grow_split,20260313_162543,canonical,seed_3,val_checkpoint_available,3,14,26,40,56,3000,/Users/shizhenpeng/Desktop/学术/科研/AI/neuron-survival-dynamics/results/publishable_pilot_20260313/hard/prune_grow_split/seed_3/20260313_162543,/Users/shizhenpeng/Desktop/学术/科研/AI/neuron-survival-dynamics/results/publishable_pilot_20260313/hard/prune_grow_split/seed_3/20260313_162543
results,publishable_pilot_20260313,hard,prune_grow_split,20260313_161733,canonical,seed_4,val_checkpoint_available,4,15,27,41,57,3000,/Users/shizhenpeng/Desktop/学术/科研/AI/neuron-survival-dynamics/results/publishable_pilot_20260313/hard/prune_grow_split/seed_4/20260313_161733,/Users/shizhenpeng/Desktop/学术/科研/AI/neuron-survival-dynamics/results/publishable_pilot_20260313/hard/prune_grow_split/seed_4/20260313_161733
results,publishable_pilot_20260313,hard,prune_only,20260313_155005,canonical,seed_0,val_checkpoint_available,0,11,23,37,53,3000,/Users/shizhenpeng/Desktop/学术/科研/AI/neuron-survival-dynamics/results/publishable_pilot_20260313/hard/prune_only/seed_0/20260313_155005,/Users/shizhenpeng/Desktop/学术/科研/AI/neuron-survival-dynamics/results/publishable_pilot_20260313/hard/prune_only/seed_0/20260313_155005
results,publishable_pilot_20260313,hard,prune_only,20260313_155623,canonical,seed_1,val_checkpoint_available,1,12,24,38,54,3000,/Users/shizhenpeng/Desktop/学术/科研/AI/neuron-survival-dynamics/results/publishable_pilot_20260313/hard/prune_only/seed_1/20260313_155623,/Users/shizhenpeng/Desktop/学术/科研/AI/neuron-survival-dynamics/results/publishable_pilot_20260313/hard/prune_only/seed_1/20260313_155623
results,publishable_pilot_20260313,hard,prune_only,20260313_162224,canonical,seed_2,val_checkpoint_available,2,13,25,39,55,3000,/Users/shizhenpeng/Desktop/学术/科研/AI/neuron-survival-dynamics/results/publishable_pilot_20260313/hard/prune_only/seed_2/20260313_162224,/Users/shizhenpeng/Desktop/学术/科研/AI/neuron-survival-dynamics/results/publishable_pilot_20260313/hard/prune_only/seed_2/20260313_162224
results,publishable_pilot_20260313,hard,prune_only,20260313_162222,canonical,seed_3,val_checkpoint_available,3,14,26,40,56,3000,/Users/shizhenpeng/Desktop/学术/科研/AI/neuron-survival-dynamics/results/publishable_pilot_20260313/hard/prune_only/seed_3/20260313_162222,/Users/shizhenpeng/Desktop/学术/科研/AI/neuron-survival-dynamics/results/publishable_pilot_20260313/hard/prune_only/seed_3/20260313_162222
results,publishable_pilot_20260313,hard,prune_only,20260313_161428,canonical,seed_4,val_checkpoint_available,4,15,27,41,57,3000,/Users/shizhenpeng/Desktop/学术/科研/AI/neuron-survival-dynamics/results/publishable_pilot_20260313/hard/prune_only/seed_4/20260313_161428,/Users/shizhenpeng/Desktop/学术/科研/AI/neuron-survival-dynamics/results/publishable_pilot_20260313/hard/prune_only/seed_4/20260313_161428
results,publishable_pilot_20260313,medium,fixed,20260313_162817,canonical,seed_0,val_checkpoint_available,0,11,23,37,53,3000,/Users/shizhenpeng/Desktop/学术/科研/AI/neuron-survival-dynamics/results/publishable_pilot_20260313/medium/fixed/seed_0/20260313_162817,/Users/shizhenpeng/Desktop/学术/科研/AI/neuron-survival-dynamics/results/publishable_pilot_20260313/medium/fixed/seed_0/20260313_162817
results,publishable_pilot_20260313,medium,fixed,20260313_163818,canonical,seed_1,val_checkpoint_available,1,12,24,38,54,3000,/Users/shizhenpeng/Desktop/学术/科研/AI/neuron-survival-dynamics/results/publishable_pilot_20260313/medium/fixed/seed_1/20260313_163818,/Users/shizhenpeng/Desktop/学术/科研/AI/neuron-survival-dynamics/results/publishable_pilot_20260313/medium/fixed/seed_1/20260313_163818
results,publishable_pilot_20260313,medium,fixed,20260313_165154,canonical,seed_2,val_checkpoint_available,2,13,25,39,55,3000,/Users/shizhenpeng/Desktop/学术/科研/AI/neuron-survival-dynamics/results/publishable_pilot_20260313/medium/fixed/seed_2/20260313_165154,/Users/shizhenpeng/Desktop/学术/科研/AI/neuron-survival-dynamics/results/publishable_pilot_20260313/medium/fixed/seed_2/20260313_165154
results,publishable_pilot_20260313,medium,fixed,20260313_165834,canonical,seed_3,val_checkpoint_available,3,14,26,40,56,3000,/Users/shizhenpeng/Desktop/学术/科研/AI/neuron-survival-dynamics/results/publishable_pilot_20260313/medium/fixed/seed_3/20260313_165834,/Users/shizhenpeng/Desktop/学术/科研/AI/neuron-survival-dynamics/results/publishable_pilot_20260313/medium/fixed/seed_3/20260313_165834
results,publishable_pilot_20260313,medium,fixed,20260313_170510,canonical,seed_4,val_checkpoint_available,4,15,27,41,57,3000,/Users/shizhenpeng/Desktop/学术/科研/AI/neuron-survival-dynamics/results/publishable_pilot_20260313/medium/fixed/seed_4/20260313_170510,/Users/shizhenpeng/Desktop/学术/科研/AI/neuron-survival-dynamics/results/publishable_pilot_20260313/medium/fixed/seed_4/20260313_170510
results,publishable_pilot_20260313,medium,prune_grow_random,20260313_163130,canonical,seed_0,val_checkpoint_available,0,11,23,37,53,3000,/Users/shizhenpeng/Desktop/学术/科研/AI/neuron-survival-dynamics/results/publishable_pilot_20260313/medium/prune_grow_random/seed_0/20260313_163130,/Users/shizhenpeng/Desktop/学术/科研/AI/neuron-survival-dynamics/results/publishable_pilot_20260313/medium/prune_grow_random/seed_0/20260313_163130
results,publishable_pilot_20260313,medium,prune_grow_random,20260313_164133,canonical,seed_1,val_checkpoint_available,1,12,24,38,54,3000,/Users/shizhenpeng/Desktop/学术/科研/AI/neuron-survival-dynamics/results/publishable_pilot_20260313/medium/prune_grow_random/seed_1/20260313_164133,/Users/shizhenpeng/Desktop/学术/科研/AI/neuron-survival-dynamics/results/publishable_pilot_20260313/medium/prune_grow_random/seed_1/20260313_164133
results,publishable_pilot_20260313,medium,prune_grow_random,20260313_165511,canonical,seed_2,val_checkpoint_available,2,13,25,39,55,3000,/Users/shizhenpeng/Desktop/学术/科研/AI/neuron-survival-dynamics/results/publishable_pilot_20260313/medium/prune_grow_random/seed_2/20260313_165511,/Users/shizhenpeng/Desktop/学术/科研/AI/neuron-survival-dynamics/results/publishable_pilot_20260313/medium/prune_grow_random/seed_2/20260313_165511
results,publishable_pilot_20260313,medium,prune_grow_random,20260313_170148,canonical,seed_3,val_checkpoint_available,3,14,26,40,56,3000,/Users/shizhenpeng/Desktop/学术/科研/AI/neuron-survival-dynamics/results/publishable_pilot_20260313/medium/prune_grow_random/seed_3/20260313_170148,/Users/shizhenpeng/Desktop/学术/科研/AI/neuron-survival-dynamics/results/publishable_pilot_20260313/medium/prune_grow_random/seed_3/20260313_170148
results,publishable_pilot_20260313,medium,prune_grow_random,20260313_170827,canonical,seed_4,val_checkpoint_available,4,15,27,41,57,3000,/Users/shizhenpeng/Desktop/学术/科研/AI/neuron-survival-dynamics/results/publishable_pilot_20260313/medium/prune_grow_random/seed_4/20260313_170827,/Users/shizhenpeng/Desktop/学术/科研/AI/neuron-survival-dynamics/results/publishable_pilot_20260313/medium/prune_grow_random/seed_4/20260313_170827
results,publishable_pilot_20260313,medium,prune_grow_split,20260313_163636,canonical,seed_0,val_checkpoint_available,0,11,23,37,53,3000,/Users/shizhenpeng/Desktop/学术/科研/AI/neuron-survival-dynamics/results/publishable_pilot_20260313/medium/prune_grow_split/seed_0/20260313_163636,/Users/shizhenpeng/Desktop/学术/科研/AI/neuron-survival-dynamics/results/publishable_pilot_20260313/medium/prune_grow_split/seed_0/20260313_163636
results,publishable_pilot_20260313,medium,prune_grow_split,20260313_165013,canonical,seed_1,val_checkpoint_available,1,12,24,38,54,3000,/Users/shizhenpeng/Desktop/学术/科研/AI/neuron-survival-dynamics/results/publishable_pilot_20260313/medium/prune_grow_split/seed_1/20260313_165013,/Users/shizhenpeng/Desktop/学术/科研/AI/neuron-survival-dynamics/results/publishable_pilot_20260313/medium/prune_grow_split/seed_1/20260313_165013
results,publishable_pilot_20260313,medium,prune_grow_split,20260313_165652,canonical,seed_2,val_checkpoint_available,2,13,25,39,55,3000,/Users/shizhenpeng/Desktop/学术/科研/AI/neuron-survival-dynamics/results/publishable_pilot_20260313/medium/prune_grow_split/seed_2/20260313_165652,/Users/shizhenpeng/Desktop/学术/科研/AI/neuron-survival-dynamics/results/publishable_pilot_20260313/medium/prune_grow_split/seed_2/20260313_165652
results,publishable_pilot_20260313,medium,prune_grow_split,20260313_170329,canonical,seed_3,val_checkpoint_available,3,14,26,40,56,3000,/Users/shizhenpeng/Desktop/学术/科研/AI/neuron-survival-dynamics/results/publishable_pilot_20260313/medium/prune_grow_split/seed_3/20260313_170329,/Users/shizhenpeng/Desktop/学术/科研/AI/neuron-survival-dynamics/results/publishable_pilot_20260313/medium/prune_grow_split/seed_3/20260313_170329
results,publishable_pilot_20260313,medium,prune_grow_split,20260313_171006,canonical,seed_4,val_checkpoint_available,4,15,27,41,57,3000,/Users/shizhenpeng/Desktop/学术/科研/AI/neuron-survival-dynamics/results/publishable_pilot_20260313/medium/prune_grow_split/seed_4/20260313_171006,/Users/shizhenpeng/Desktop/学术/科研/AI/neuron-survival-dynamics/results/publishable_pilot_20260313/medium/prune_grow_split/seed_4/20260313_171006
results,publishable_pilot_20260313,medium,prune_only,20260313_162954,canonical,seed_0,val_checkpoint_available,0,11,23,37,53,3000,/Users/shizhenpeng/Desktop/学术/科研/AI/neuron-survival-dynamics/results/publishable_pilot_20260313/medium/prune_only/seed_0/20260313_162954,/Users/shizhenpeng/Desktop/学术/科研/AI/neuron-survival-dynamics/results/publishable_pilot_20260313/medium/prune_only/seed_0/20260313_162954
results,publishable_pilot_20260313,medium,prune_only,20260313_163957,canonical,seed_1,val_checkpoint_available,1,12,24,38,54,3000,/Users/shizhenpeng/Desktop/学术/科研/AI/neuron-survival-dynamics/results/publishable_pilot_20260313/medium/prune_only/seed_1/20260313_163957,/Users/shizhenpeng/Desktop/学术/科研/AI/neuron-survival-dynamics/results/publishable_pilot_20260313/medium/prune_only/seed_1/20260313_163957
results,publishable_pilot_20260313,medium,prune_only,20260313_165334,canonical,seed_2,val_checkpoint_available,2,13,25,39,55,3000,/Users/shizhenpeng/Desktop/学术/科研/AI/neuron-survival-dynamics/results/publishable_pilot_20260313/medium/prune_only/seed_2/20260313_165334,/Users/shizhenpeng/Desktop/学术/科研/AI/neuron-survival-dynamics/results/publishable_pilot_20260313/medium/prune_only/seed_2/20260313_165334
results,publishable_pilot_20260313,medium,prune_only,20260313_170013,canonical,seed_3,val_checkpoint_available,3,14,26,40,56,3000,/Users/shizhenpeng/Desktop/学术/科研/AI/neuron-survival-dynamics/results/publishable_pilot_20260313/medium/prune_only/seed_3/20260313_170013,/Users/shizhenpeng/Desktop/学术/科研/AI/neuron-survival-dynamics/results/publishable_pilot_20260313/medium/prune_only/seed_3/20260313_170013
results,publishable_pilot_20260313,medium,prune_only,20260313_170649,canonical,seed_4,val_checkpoint_available,4,15,27,41,57,3000,/Users/shizhenpeng/Desktop/学术/科研/AI/neuron-survival-dynamics/results/publishable_pilot_20260313/medium/prune_only/seed_4/20260313_170649,/Users/shizhenpeng/Desktop/学术/科研/AI/neuron-survival-dynamics/results/publishable_pilot_20260313/medium/prune_only/seed_4/20260313_170649
results,publishable_pilot_20260313,simple,fixed,20260313_162817,canonical,seed_0,val_checkpoint_available,0,11,23,37,53,3000,/Users/shizhenpeng/Desktop/学术/科研/AI/neuron-survival-dynamics/results/publishable_pilot_20260313/simple/fixed/seed_0/20260313_162817,/Users/shizhenpeng/Desktop/学术/科研/AI/neuron-survival-dynamics/results/publishable_pilot_20260313/simple/fixed/seed_0/20260313_162817
results,publishable_pilot_20260313,simple,fixed,20260313_163817,canonical,seed_1,val_checkpoint_available,1,12,24,38,54,3000,/Users/shizhenpeng/Desktop/学术/科研/AI/neuron-survival-dynamics/results/publishable_pilot_20260313/simple/fixed/seed_1/20260313_163817,/Users/shizhenpeng/Desktop/学术/科研/AI/neuron-survival-dynamics/results/publishable_pilot_20260313/simple/fixed/seed_1/20260313_163817
results,publishable_pilot_20260313,simple,fixed,20260313_165152,canonical,seed_2,val_checkpoint_available,2,13,25,39,55,3000,/Users/shizhenpeng/Desktop/学术/科研/AI/neuron-survival-dynamics/results/publishable_pilot_20260313/simple/fixed/seed_2/20260313_165152,/Users/shizhenpeng/Desktop/学术/科研/AI/neuron-survival-dynamics/results/publishable_pilot_20260313/simple/fixed/seed_2/20260313_165152
results,publishable_pilot_20260313,simple,fixed,20260313_165827,canonical,seed_3,val_checkpoint_available,3,14,26,40,56,3000,/Users/shizhenpeng/Desktop/学术/科研/AI/neuron-survival-dynamics/results/publishable_pilot_20260313/simple/fixed/seed_3/20260313_165827,/Users/shizhenpeng/Desktop/学术/科研/AI/neuron-survival-dynamics/results/publishable_pilot_20260313/simple/fixed/seed_3/20260313_165827
results,publishable_pilot_20260313,simple,fixed,20260313_170459,canonical,seed_4,val_checkpoint_available,4,15,27,41,57,3000,/Users/shizhenpeng/Desktop/学术/科研/AI/neuron-survival-dynamics/results/publishable_pilot_20260313/simple/fixed/seed_4/20260313_170459,/Users/shizhenpeng/Desktop/学术/科研/AI/neuron-survival-dynamics/results/publishable_pilot_20260313/simple/fixed/seed_4/20260313_170459
results,publishable_pilot_20260313,simple,prune_grow_random,20260313_163130,canonical,seed_0,val_checkpoint_available,0,11,23,37,53,3000,/Users/shizhenpeng/Desktop/学术/科研/AI/neuron-survival-dynamics/results/publishable_pilot_20260313/simple/prune_grow_random/seed_0/20260313_163130,/Users/shizhenpeng/Desktop/学术/科研/AI/neuron-survival-dynamics/results/publishable_pilot_20260313/simple/prune_grow_random/seed_0/20260313_163130
results,publishable_pilot_20260313,simple,prune_grow_random,20260313_164133,canonical,seed_1,val_checkpoint_available,1,12,24,38,54,3000,/Users/shizhenpeng/Desktop/学术/科研/AI/neuron-survival-dynamics/results/publishable_pilot_20260313/simple/prune_grow_random/seed_1/20260313_164133,/Users/shizhenpeng/Desktop/学术/科研/AI/neuron-survival-dynamics/results/publishable_pilot_20260313/simple/prune_grow_random/seed_1/20260313_164133
results,publishable_pilot_20260313,simple,prune_grow_random,20260313_165507,canonical,seed_2,val_checkpoint_available,2,13,25,39,55,3000,/Users/shizhenpeng/Desktop/学术/科研/AI/neuron-survival-dynamics/results/publishable_pilot_20260313/simple/prune_grow_random/seed_2/20260313_165507,/Users/shizhenpeng/Desktop/学术/科研/AI/neuron-survival-dynamics/results/publishable_pilot_20260313/simple/prune_grow_random/seed_2/20260313_165507
results,publishable_pilot_20260313,simple,prune_grow_random,20260313_170139,canonical,seed_3,val_checkpoint_available,3,14,26,40,56,3000,/Users/shizhenpeng/Desktop/学术/科研/AI/neuron-survival-dynamics/results/publishable_pilot_20260313/simple/prune_grow_random/seed_3/20260313_170139,/Users/shizhenpeng/Desktop/学术/科研/AI/neuron-survival-dynamics/results/publishable_pilot_20260313/simple/prune_grow_random/seed_3/20260313_170139
results,publishable_pilot_20260313,simple,prune_grow_random,20260313_170815,canonical,seed_4,val_checkpoint_available,4,15,27,41,57,3000,/Users/shizhenpeng/Desktop/学术/科研/AI/neuron-survival-dynamics/results/publishable_pilot_20260313/simple/prune_grow_random/seed_4/20260313_170815,/Users/shizhenpeng/Desktop/学术/科研/AI/neuron-survival-dynamics/results/publishable_pilot_20260313/simple/prune_grow_random/seed_4/20260313_170815
results,publishable_pilot_20260313,simple,prune_grow_split,20260313_163636,canonical,seed_0,val_checkpoint_available,0,11,23,37,53,3000,/Users/shizhenpeng/Desktop/学术/科研/AI/neuron-survival-dynamics/results/publishable_pilot_20260313/simple/prune_grow_split/seed_0/20260313_163636,/Users/shizhenpeng/Desktop/学术/科研/AI/neuron-survival-dynamics/results/publishable_pilot_20260313/simple/prune_grow_split/seed_0/20260313_163636
results,publishable_pilot_20260313,simple,prune_grow_split,20260313_165013,canonical,seed_1,val_checkpoint_available,1,12,24,38,54,3000,/Users/shizhenpeng/Desktop/学术/科研/AI/neuron-survival-dynamics/results/publishable_pilot_20260313/simple/prune_grow_split/seed_1/20260313_165013,/Users/shizhenpeng/Desktop/学术/科研/AI/neuron-survival-dynamics/results/publishable_pilot_20260313/simple/prune_grow_split/seed_1/20260313_165013
results,publishable_pilot_20260313,simple,prune_grow_split,20260313_165646,canonical,seed_2,val_checkpoint_available,2,13,25,39,55,3000,/Users/shizhenpeng/Desktop/学术/科研/AI/neuron-survival-dynamics/results/publishable_pilot_20260313/simple/prune_grow_split/seed_2/20260313_165646,/Users/shizhenpeng/Desktop/学术/科研/AI/neuron-survival-dynamics/results/publishable_pilot_20260313/simple/prune_grow_split/seed_2/20260313_165646
results,publishable_pilot_20260313,simple,prune_grow_split,20260313_170319,canonical,seed_3,val_checkpoint_available,3,14,26,40,56,3000,/Users/shizhenpeng/Desktop/学术/科研/AI/neuron-survival-dynamics/results/publishable_pilot_20260313/simple/prune_grow_split/seed_3/20260313_170319,/Users/shizhenpeng/Desktop/学术/科研/AI/neuron-survival-dynamics/results/publishable_pilot_20260313/simple/prune_grow_split/seed_3/20260313_170319
results,publishable_pilot_20260313,simple,prune_grow_split,20260313_170955,canonical,seed_4,val_checkpoint_available,4,15,27,41,57,3000,/Users/shizhenpeng/Desktop/学术/科研/AI/neuron-survival-dynamics/results/publishable_pilot_20260313/simple/prune_grow_split/seed_4/20260313_170955,/Users/shizhenpeng/Desktop/学术/科研/AI/neuron-survival-dynamics/results/publishable_pilot_20260313/simple/prune_grow_split/seed_4/20260313_170955
results,publishable_pilot_20260313,simple,prune_only,20260313_162955,canonical,seed_0,val_checkpoint_available,0,11,23,37,53,3000,/Users/shizhenpeng/Desktop/学术/科研/AI/neuron-survival-dynamics/results/publishable_pilot_20260313/simple/prune_only/seed_0/20260313_162955,/Users/shizhenpeng/Desktop/学术/科研/AI/neuron-survival-dynamics/results/publishable_pilot_20260313/simple/prune_only/seed_0/20260313_162955
results,publishable_pilot_20260313,simple,prune_only,20260313_163957,canonical,seed_1,val_checkpoint_available,1,12,24,38,54,3000,/Users/shizhenpeng/Desktop/学术/科研/AI/neuron-survival-dynamics/results/publishable_pilot_20260313/simple/prune_only/seed_1/20260313_163957,/Users/shizhenpeng/Desktop/学术/科研/AI/neuron-survival-dynamics/results/publishable_pilot_20260313/simple/prune_only/seed_1/20260313_163957
results,publishable_pilot_20260313,simple,prune_only,20260313_165332,canonical,seed_2,val_checkpoint_available,2,13,25,39,55,3000,/Users/shizhenpeng/Desktop/学术/科研/AI/neuron-survival-dynamics/results/publishable_pilot_20260313/simple/prune_only/seed_2/20260313_165332,/Users/shizhenpeng/Desktop/学术/科研/AI/neuron-survival-dynamics/results/publishable_pilot_20260313/simple/prune_only/seed_2/20260313_165332
results,publishable_pilot_20260313,simple,prune_only,20260313_170006,canonical,seed_3,val_checkpoint_available,3,14,26,40,56,3000,/Users/shizhenpeng/Desktop/学术/科研/AI/neuron-survival-dynamics/results/publishable_pilot_20260313/simple/prune_only/seed_3/20260313_170006,/Users/shizhenpeng/Desktop/学术/科研/AI/neuron-survival-dynamics/results/publishable_pilot_20260313/simple/prune_only/seed_3/20260313_170006
results,publishable_pilot_20260313,simple,prune_only,20260313_170639,canonical,seed_4,val_checkpoint_available,4,15,27,41,57,3000,/Users/shizhenpeng/Desktop/学术/科研/AI/neuron-survival-dynamics/results/publishable_pilot_20260313/simple/prune_only/seed_4/20260313_170639,/Users/shizhenpeng/Desktop/学术/科研/AI/neuron-survival-dynamics/results/publishable_pilot_20260313/simple/prune_only/seed_4/20260313_170639
results,simple,prune_only,seed_1,20260312_224012,canonical,seed_1,legacy_final_test_only,1,12,24,38,54,3000,/Users/shizhenpeng/Desktop/学术/科研/AI/neuron-survival-dynamics/results/simple/prune_only/seed_1/20260312_224012,/Users/shizhenpeng/Desktop/学术/科研/AI/neuron-survival-dynamics/results/simple/prune_only/seed_1/20260312_224012
results,simple,prune_only,seed_1,20260312_224300,canonical,seed_1,legacy_final_test_only,1,12,24,38,54,3000,/Users/shizhenpeng/Desktop/学术/科研/AI/neuron-survival-dynamics/results/simple/prune_only/seed_1/20260312_224300,/Users/shizhenpeng/Desktop/学术/科研/AI/neuron-survival-dynamics/results/simple/prune_only/seed_1/20260312_224300
